Name,Link,Image URL
N/A,N/A,N/A
N/A,N/A,N/A
N/A,N/A,N/A
N/A,N/A,N/A
N/A,N/A,N/A
N/A,N/A,N/A
N/A,N/A,N/A
N/A,N/A,N/A
N/A,N/A,N/A
N/A,N/A,N/A
N/A,N/A,N/A
N/A,N/A,N/A
N/A,N/A,N/A
N/A,N/A,N/A
N/A,N/A,N/A
N/A,N/A,N/A
N/A,N/A,N/A
N/A,N/A,N/A
N/A,N/A,N/A
N/A,N/A,N/A
N/A,N/A,N/A
N/A,N/A,N/A
Mens Carhartt Relaxed Fit Short Sleeve Work ShirtBrand: CarharttBrand Size: LDhs. 70.00,https://www.fashionrerun.com/collections/carhartt/products/mens-carhartt-relaxed-fit-short-sleeve-work-shirt,https://www.fashionrerun.com/cdn/shop/files/22dcc06d1570a5a9413aefc7b76d00e8.jpg?v=1733290165&width=1080
Mens Carhartt Relaxed Fit Short Sleeve Work ShirtBrand: CarharttBrand Size: LDhs. 70.00,https://www.fashionrerun.com/collections/carhartt/products/mens-carhartt-relaxed-fit-short-sleeve-work-shirt,https://www.fashionrerun.com/cdn/shop/files/22dcc06d1570a5a9413aefc7b76d00e8.jpg?v=1733290165&width=1080
Vintage Carhartt Quilted Lined Work Vest BlackBrand: CarharttDhs. 300.00,https://www.fashionrerun.com/collections/carhartt/products/vintage-carhartt-quilted-lined-work-vest-black,https://www.fashionrerun.com/cdn/shop/files/51d36fb6a9e0cc11e885a6f15cbe2e69.jpg?v=1733289674&width=1080
Boys Youth Carhartt Forest Camo PantsBrand: CarharttBrand Size: 16Dhs. 200.00,https://www.fashionrerun.com/collections/carhartt/products/boys-youth-carhartt-forest-camo-pants,https://www.fashionrerun.com/cdn/shop/files/9ce9f4a5dba76a68a84cff80ff04b2b1.jpg?v=1733289108&width=1080
Mens Carhartt Quilted Work Jacket Corduroy Collar BlackBrand: CarharttDhs. 275.00,https://www.fashionrerun.com/collections/carhartt/products/mens-carhartt-quilted-work-jacket-corduroy-collar-black,https://www.fashionrerun.com/cdn/shop/files/86d28b8cdb3e277f8bcc0c22b549a245.jpg?v=1733284924&width=1080
Vintage Carhartt Quilted Lined Work Vest DistressedBrand: CarharttDhs. 300.00,https://www.fashionrerun.com/collections/carhartt/products/vintage-carhartt-quilted-lined-work-vest-distressed,https://www.fashionrerun.com/cdn/shop/files/ac1af5cd7174654430abff8d825798ba.jpg?v=1733284752&width=1080
Mens Carhartt B147 FAT Original Fit Carpenter ShortsBrand: CarharttBrand Size: 36Dhs. 80.00,https://www.fashionrerun.com/collections/carhartt/products/mens-carhartt-b147-fat-original-fit-carpenter-shorts-1,https://www.fashionrerun.com/cdn/shop/files/ee406f630ff2eea7b094cb4a8a0d899d.jpg?v=1733284304&width=1080
Mens Carhartt Storm Defender Shoreline PantsBrand: CarharttBrand Size: M RegularDhs. 175.00,https://www.fashionrerun.com/collections/carhartt/products/mens-carhartt-storm-defender-shoreline-pants,https://www.fashionrerun.com/cdn/shop/files/1d00a6d470606af612e5ff053b47d447.jpg?v=1732679986&width=1080
Mens Carhartt S113 PRT Work ShirtBrand: CarharttBrand Size: MDhs. 80.00,https://www.fashionrerun.com/collections/carhartt/products/mens-carhartt-s113-prt-work-shirt,https://www.fashionrerun.com/cdn/shop/files/ebc17dfcd3c6470655b009212d0f15b5.jpg?v=1732679911&width=1080
Mens Carhartt FR CAT 2 Original Fit Cargo Pants NavyBrand: CarharttBrand Size: 32 X 30Dhs. 175.00,https://www.fashionrerun.com/collections/carhartt/products/mens-carhartt-fr-cat-2-original-fit-cargo-pants-navy,https://www.fashionrerun.com/cdn/shop/files/8953f1edc025746dae507e3e8c625c71.jpg?v=1732679725&width=1080
Mens Carhartt B11-MDT Loose Original Fit Navy Carpenter PantsBrand: CarharttBrand Size: 38 X 30Dhs. 140.00,https://www.fashionrerun.com/collections/carhartt/products/mens-carhartt-b11-mdt-loose-original-fit-navy-carpenter-pants-1,https://www.fashionrerun.com/cdn/shop/files/80038bb2a1dca91a3401185167959c5e.jpg?v=1732678819&width=1080
Mens Carhartt Original Fit Pullover Hoodie NavyBrand: CarharttBrand Size: MDhs. 120.00,https://www.fashionrerun.com/collections/carhartt/products/mens-carhartt-original-fit-pullover-hoodie-navy,https://www.fashionrerun.com/cdn/shop/files/a08d71c9216fe4984412d59b13bf5df5.jpg?v=1732677395&width=1080
Mens Carhartt Relaxed Fit Ripstop Black Cargo PantsBrand: CarharttBrand Size: 36 X 32Dhs. 165.00,https://www.fashionrerun.com/collections/carhartt/products/mens-carhartt-relaxed-fit-ripstop-black-cargo-pants,https://www.fashionrerun.com/cdn/shop/files/10fbf9e3f9509fb83547ce6f37541f17.jpg?v=1732603173&width=1080
Mens Carhartt Original Fit Pocket T-Shirt BrownBrand: CarharttBrand Size: LDhs. 75.00,https://www.fashionrerun.com/collections/carhartt/products/mens-carhartt-original-fit-pocket-t-shirt-brown-2,https://www.fashionrerun.com/cdn/shop/files/d1f4dc68af1ab9458763b6f6f4b932af.jpg?v=1732602900&width=1080
Mens Carhartt Relaxed Fit Utility PantsBrand: CarharttBrand Size: 38 X 32Dhs. 120.00,https://www.fashionrerun.com/collections/carhartt/products/mens-carhartt-relaxed-fit-utility-pants-1,https://www.fashionrerun.com/cdn/shop/files/a1ba0616cd50c83bca8a416e8ba152d2.jpg?v=1732591138&width=1080
Mens Carhartt Loose Fit Ilove NY Crewneck SweatshirtBrand: CarharttBrand Size: MDhs. 100.00,https://www.fashionrerun.com/collections/carhartt/products/mens-carhartt-loose-fit-ilove-ny-crewneck-sweatshirt,https://www.fashionrerun.com/cdn/shop/files/3ca770f0e72c92806d1f840900a6a39d.jpg?v=1732590940&width=1080
Mens Carhartt Loose Fit Pullover Hoodie BlueBrand: CarharttBrand Size: MDhs. 120.00,https://www.fashionrerun.com/collections/carhartt/products/mens-carhartt-loose-fit-pullover-hoodie-blue,https://www.fashionrerun.com/cdn/shop/files/18de6f96cd49eff52a319d2149258dd3.jpg?v=1732590898&width=1080
Mens Carhartt Dungaree Fit Double Knee Work PantsBrand: CarharttBrand Size: 26 X 32Dhs. 250.00,https://www.fashionrerun.com/collections/carhartt/products/mens-carhartt-dungaree-fit-double-knee-work-pants-2,https://www.fashionrerun.com/cdn/shop/files/70f8a8d3f35e14c2ba7e4d4af9b4d871.jpg?v=1732252109&width=1080
Mens Carhartt J141 DKB Sherpa Lined Hooded Work JacketBrand: CarharttBrand Size: Large RegularDhs. 450.00,https://www.fashionrerun.com/collections/carhartt/products/mens-carhartt-j141-dkb-sherpa-lined-hooded-work-jacket,https://www.fashionrerun.com/cdn/shop/files/6fdf027a742f95a7a85085a0372648b2.jpg?v=1732252049&width=1080
Mens Carhartt Loose Fit Carpenter Work Pants BlackBrand: CarharttBrand Size: 30 X 30Dhs. 250.00,https://www.fashionrerun.com/collections/carhartt/products/mens-carhartt-loose-fit-carpenter-work-pants-black,https://www.fashionrerun.com/cdn/shop/files/a5608e0cc930589d25072a4e7e055d3e.jpg?v=1732252001&width=1080
Mens Carhartt Loose Fit Black Pullover HoodieBrand: CarharttBrand Size: LDhs. 175.00,https://www.fashionrerun.com/collections/carhartt/products/mens-carhartt-loose-fit-black-pullover-hoodie-1,https://www.fashionrerun.com/cdn/shop/files/9f7e1529bc9db44b4aeff670d06e2ded.jpg?v=1732251851&width=1080
Ladies Carhartt  WB159 GKH Carpenter Work PantsBrand: CarharttBrand Size: 14 X32Dhs. 120.00,https://www.fashionrerun.com/collections/carhartt/products/ladies-carhartt-wb159-gkh-carpenter-work-pants,https://www.fashionrerun.com/cdn/shop/files/8b44825503b743179db74851a4d2f80d.jpg?v=1732251604&width=1080
Mens Carhartt Relaxed Fit Cargo ShortsBrand: CarharttBrand Size: 34Dhs. 125.00,https://www.fashionrerun.com/collections/carhartt/products/mens-carhartt-relaxed-fit-cargo-shorts-3,https://www.fashionrerun.com/cdn/shop/files/b7688e0bd537c11ef59dedf2dd1d81c8.jpg?v=1732251544&width=1080
"Vintage Carhartt Sandstone Detroit Jacket-Blanked Lined Curdoroy CollarBrand: CarharttDhs. 1,400.00",https://www.fashionrerun.com/collections/carhartt/products/vintage-carhartt-sandstone-detroit-jacket-blanked-lined-curdoroy-collar,https://www.fashionrerun.com/cdn/shop/files/21544d08ce8893d4c64704606ce6f3c2.jpg?v=1732251409&width=1080
Ladies Carhartt Sherpa Fleece Lined Hooded JacketBrand: CarharttBrand Size: XS (0/2)Dhs. 300.00,https://www.fashionrerun.com/collections/carhartt/products/ladies-carhartt-sherpa-fleece-lined-hooded-jacket-1,https://www.fashionrerun.com/cdn/shop/files/366155c56292672198116dbf30cefcdf.jpg?v=1732251380&width=1080
Mens Carhartt J141 DKB Sherpa Fleece Lined Hooded JacketBrand: CarharttDhs. 400.00,https://www.fashionrerun.com/collections/carhartt/products/mens-carhartt-j141-dkb-sherpa-fleece-lined-hooded-jacket,https://www.fashionrerun.com/cdn/shop/files/f42663d7b7e3bf2a8122d1c718019c94.jpg?v=1732251115&width=1080
Mens Carhartt Loose Fit Pullover Hoodie GrayBrand: CarharttBrand Size: MDhs. 110.00,https://www.fashionrerun.com/collections/carhartt/products/mens-carhartt-loose-fit-pullover-hoodie-gray-1,https://www.fashionrerun.com/cdn/shop/files/9de1048c0eb7f932e95885c8bc27abe7.jpg?v=1732250968&width=1080
Ladies Carhartt WJ141 BLK Sherpa Fleece Lined Hooded Workwear JacketBrand: CarharttBrand Size: S (4-6 )Dhs. 375.00,https://www.fashionrerun.com/collections/carhartt/products/ladies-carhartt-wj141-blk-sherpa-fleece-lined-hooded-workwear-jacket,https://www.fashionrerun.com/cdn/shop/files/db6b8f027185b648dfffdd574b905f19.jpg?v=1732249411&width=1080
Mens Carhartt V01 BLK Quilted Lined Workwear VestBrand: CarharttBrand Size: 2XL RegularDhs. 250.00,https://www.fashionrerun.com/collections/carhartt/products/mens-carhartt-v01-blk-quilted-lined-workwear-vest,https://www.fashionrerun.com/cdn/shop/files/fc1f2fdecea9c01f4f819568521b4e9a.jpg?v=1732249107&width=1080
Mens Carhartt B136 DKB Dungaree Fit Double Knee Carpenter PantsBrand: CarharttBrand Size: 36 X 30Dhs. 300.00,https://www.fashionrerun.com/collections/carhartt/products/mens-carhartt-b136-dkb-dungaree-fit-double-knee-carpenter-pants-1,https://www.fashionrerun.com/cdn/shop/files/f4ba48d70a21de78bb9fafa7548bd168.jpg?v=1732249065&width=1080
Mens Carhartt Full Zip Hooded Workwear JacketBrand: CarharttDhs. 475.00,https://www.fashionrerun.com/collections/carhartt/products/mens-carhartt-full-zip-hooded-workwear-jacket,https://www.fashionrerun.com/cdn/shop/files/96bc91aa58927626de36e867d14efeaf.jpg?v=1732078730&width=1080
Mens Carhartt B01-BRN Loose Original Fit Double Knee Carpenter PantsBrand: CarharttBrand Size: 30 X 32Dhs. 275.00,https://www.fashionrerun.com/collections/carhartt/products/mens-carhartt-b01-brn-loose-original-fit-double-knee-carpenter-pants-1,https://www.fashionrerun.com/cdn/shop/files/40cea4a923ed11fbd72f18a12d6b41fd.jpg?v=1732077705&width=1080
Mens Carhartt V26 DKB Sherpa Fleece Lined VestBrand: CarharttBrand Size: XLDhs. 200.00,https://www.fashionrerun.com/collections/carhartt/products/mens-carhartt-v26-dkb-sherpa-fleece-lined-vest,https://www.fashionrerun.com/cdn/shop/files/3198ed7f8a81b6bafda37869b38ba458.jpg?v=1732077133&width=1080
Mens Carhartt J141 BLK Sherpa Fleece Lined Workwear Hooded JacketBrand: CarharttBrand Size: Medium RegularDhs. 350.00,https://www.fashionrerun.com/collections/carhartt/products/mens-carhartt-j141-blk-sherpa-fleece-lined-workwear-hooded-jacket,https://www.fashionrerun.com/cdn/shop/files/09d5e2480e74b623720daebda8e66cf4.jpg?v=1732077084&width=1080
Mens Carhartt Original Fit Navy Pullover HoodieBrand: CarharttBrand Size: LDhs. 125.00,https://www.fashionrerun.com/collections/carhartt/products/mens-carhartt-original-fit-navy-pullover-hoodie-3,https://www.fashionrerun.com/cdn/shop/files/4d48b62511c2bc4aab4f4f6d7dd50381.jpg?v=1732076768&width=1080
Mens Carhartt B11 BRN Dungaree Fit Carpenter PantsBrand: CarharttBrand Size: 34 X 34Dhs. 140.00,https://www.fashionrerun.com/collections/carhartt/products/mens-carhartt-b11-brn-dungaree-fit-carpenter-pants,https://www.fashionrerun.com/cdn/shop/files/7df19f04342270e7838f09ad00e57a36.jpg?v=1732076544&width=1080
Mens Carhartt Loose Fit Pocket T-Shirt BrownBrand: CarharttBrand Size: SDhs. 80.00,https://www.fashionrerun.com/collections/carhartt/products/mens-carhartt-loose-fit-pocket-t-shirt-brown-2,https://www.fashionrerun.com/cdn/shop/files/de638ac94cbf87d902c63124347dbf86.jpg?v=1732076502&width=1080
Mens Carhartt B01 BLK Original Fit Double Knee Black Carpenter PantsBrand: CarharttBrand Size: 38 X 30Dhs. 300.00,https://www.fashionrerun.com/collections/carhartt/products/mens-carhartt-b01-blk-original-fit-double-knee-black-carpenter-pants,https://www.fashionrerun.com/cdn/shop/files/ee9e60189fe6f0bd0db90ce355006b70.jpg?v=1732075787&width=1080
Mens Carhartt Black Carpenter PantsBrand: CarharttDhs. 125.00,https://www.fashionrerun.com/collections/carhartt/products/mens-carhartt-black-carpenter-pants,https://www.fashionrerun.com/cdn/shop/files/1745077a0bf7d13e8f7dd9d82270589d.jpg?v=1732075759&width=1080
Vintage Carhartt Workwear Hooded Jacket DistressedBrand: CarharttDhs. 750.00,https://www.fashionrerun.com/collections/carhartt/products/vintage-carhartt-workwear-hooded-jacket-distressed,https://www.fashionrerun.com/cdn/shop/files/e7cd6ad5644b6c21c2d0ade4ce3edfb9.jpg?v=1732075542&width=1080
Mens Carhartt Relaxed JeansBrand: CarharttDhs. 150.00,https://www.fashionrerun.com/collections/carhartt/products/mens-carhartt-relaxed-jeans,https://www.fashionrerun.com/cdn/shop/files/c6232d97cd95853a7d115e001183399b.jpg?v=1732075254&width=1080
Mens Carhartt B136 DKB Original Dungaree Fit Double Knee Carpenter PantsBrand: CarharttBrand Size: 34 X 30Dhs. 350.00,https://www.fashionrerun.com/collections/carhartt/products/mens-carhartt-b136-dkb-original-dungaree-fit-double-knee-carpenter-pants,https://www.fashionrerun.com/cdn/shop/files/db4584ba0ca3ff1a212f96ed9bb34844.jpg?v=1731733375&width=1080
Mens Carhartt B324 DKH Relaxed Fit Carpenter PantsBrand: CarharttBrand Size: 38 X 30Dhs. 125.00,https://www.fashionrerun.com/collections/carhartt/products/mens-carhartt-b324-dkh-relaxed-fit-carpenter-pants,https://www.fashionrerun.com/cdn/shop/files/fdd1794ee87fe77c94f4d1f41c744e82.jpg?v=1731733220&width=1080
Mens Carhartt Carpenter Work PantsBrand: CarharttDhs. 140.00,https://www.fashionrerun.com/collections/carhartt/products/mens-carhartt-carpenter-work-pants,https://www.fashionrerun.com/cdn/shop/files/37e0931a13745700062c86d333d0fe0a.jpg?v=1731730781&width=1080
Mens Carhartt J318 BLK Quilted Lined Hooded Workwear JacketBrand: CarharttBrand Size: 2XL RegularDhs. 450.00,https://www.fashionrerun.com/collections/carhartt/products/mens-carhartt-j318-blk-quilted-lined-hooded-workwear-jacket,https://www.fashionrerun.com/cdn/shop/files/bc13f0f7f5235f61d3fc8967f5294599.jpg?v=1731730747&width=1080
Mens Carhartt Dungaree Fit Carpenter JeansBrand: CarharttBrand Size: 32 / 32Dhs. 125.00,https://www.fashionrerun.com/collections/carhartt/products/mens-carhartt-dungaree-fit-carpenter-jeans,https://www.fashionrerun.com/cdn/shop/files/6fb9660207f5e5d87cd987b3e79d641c.jpg?v=1731730041&width=1080
Mens Carhartt Relaxed Fit Ripstop Cargo PantsBrand: CarharttBrand Size: 36 X 30Dhs. 150.00,https://www.fashionrerun.com/collections/carhartt/products/mens-carhartt-relaxed-fit-ripstop-cargo-pants,https://www.fashionrerun.com/cdn/shop/files/4d58fa44a9e0238743e3912e1735bde2.jpg?v=1731729648&width=1080
Mens Carhartt J140 BLK Quilted Flannel Lined Hooded JacketBrand: CarharttBrand Size: Large RegularDhs. 400.00,https://www.fashionrerun.com/collections/carhartt/products/mens-carhartt-j140-blk-quilted-flannel-lined-hooded-jacket,https://www.fashionrerun.com/cdn/shop/files/759ea17af763a19b04980ebe7781e882.jpg?v=1731729460&width=1080
Mens Carhartt Relaxed Fit Utility ShortsBrand: CarharttBrand Size: 36Dhs. 85.00,https://www.fashionrerun.com/collections/carhartt/products/mens-carhartt-relaxed-fit-utility-shorts-6,https://www.fashionrerun.com/cdn/shop/files/bcc84ac14c362d92c0584957e5999a07.jpg?v=1731729431&width=1080
Mens Carhartt Loose Fit Pocket T-Shirt BlackBrand: CarharttBrand Size: LDhs. 80.00,https://www.fashionrerun.com/collections/carhartt/products/mens-carhartt-loose-fit-pocket-t-shirt-black-7,https://www.fashionrerun.com/cdn/shop/files/0f30360b2bb4d8cae7c1dd7b11a00b48.jpg?v=1731729399&width=1080
Vintage Carhartt Blanket Lined Workwear / Chore JacketBrand: CarharttDhs. 750.00,https://www.fashionrerun.com/collections/carhartt/products/vintage-carhartt-blanket-lined-workwear-chore-jacket,https://www.fashionrerun.com/cdn/shop/files/fbe9e6eafd85cc8d161fb5aa981a9c1c.jpg?v=1731728546&width=1080
Vintage Carhartt  C02 MOS Blanket Lined Chore Jacket Size Medium RegularBrand: CarharttBrand Size: Medium RegularDhs. 650.00,https://www.fashionrerun.com/collections/carhartt/products/vintage-carhartt-c02-mos-blanket-lined-chore-jacket-size-medium-regular,https://www.fashionrerun.com/cdn/shop/files/3d4009bb6056e40f693e04402345847b.jpg?v=1731728374&width=1080
Mens Carhartt V01-BLK The Rooter Works Quilted Lined Work VestBrand: CarharttBrand Size: LDhs. 200.00,https://www.fashionrerun.com/collections/carhartt/products/mens-carhartt-v01-blk-the-rooter-works-quilted-lined-work-vest,https://www.fashionrerun.com/cdn/shop/files/697a0644b09dce47f74154d762075309.jpg?v=1731727417&width=1080
Mens Carhartt Loose Fit Logo Print T-ShirtBrand: CarharttBrand Size: XLDhs. 70.00,https://www.fashionrerun.com/collections/carhartt/products/mens-carhartt-loose-fit-logo-print-t-shirt,https://www.fashionrerun.com/cdn/shop/files/63171b9a7ef5b1d2827f15689bd369bb.jpg?v=1731727363&width=1080
Mens Carhartt Original Fit Pocket T-Shirt Navy BlueBrand: CarharttBrand Size: LDhs. 65.00,https://www.fashionrerun.com/collections/carhartt/products/mens-carhartt-original-fit-pocket-t-shirt-navy-blue,https://www.fashionrerun.com/cdn/shop/files/2660539698fa1cdf12de46971d4c7d8b.jpg?v=1731727335&width=1080
Mens Carhartt Loose Fit Pocket T-Shirt GreenBrand: CarharttBrand Size: LDhs. 75.00,https://www.fashionrerun.com/collections/carhartt/products/mens-carhartt-loose-fit-pocket-t-shirt-green-5,https://www.fashionrerun.com/cdn/shop/files/d7fb2e9bf164424134be9ed51a4858a0.jpg?v=1731727320&width=1080
Mens Carhartt # 101687 Fleece Lined Full Zip Hooded Work VestBrand: CarharttBrand Size: XL TallDhs. 200.00,https://www.fashionrerun.com/collections/carhartt/products/mens-carhartt-101687-fleece-lined-full-zip-hooded-work-vest,https://www.fashionrerun.com/cdn/shop/files/5316d5c77abab8683177d65b02c64171.jpg?v=1731727037&width=1080
Mens Carhartt S/S Chase T-Shirt GrayBrand: CarharttBrand Size: LDhs. 75.00,https://www.fashionrerun.com/collections/carhartt/products/mens-carhartt-s-s-chase-t-shirt-gray,https://www.fashionrerun.com/cdn/shop/files/f40affe332ba99440806dbc586d1cb84.jpg?v=1731726764&width=1080
Mens Carhartt V26 DKB Sherpa Fleece Lined Work VestBrand: CarharttBrand Size: MDhs. 200.00,https://www.fashionrerun.com/collections/carhartt/products/mens-carhartt-v26-dkb-sherpa-fleece-lined-work-vest,https://www.fashionrerun.com/cdn/shop/files/d6c50fbde4640b43e8b11a4f825cedce.jpg?v=1731558368&width=1080
Vintage Carhartt J151 TMB Full Zip Therma Lined Hooded Workwear Jacket  XLBrand: CarharttBrand Size: XL RegularDhs. 450.00,https://www.fashionrerun.com/collections/carhartt/products/vintage-carhartt-j151-tmb-full-zip-therma-lined-hooded-workwear-jacket-xl,https://www.fashionrerun.com/cdn/shop/files/3d0b240d0432e0e42a2401a3f444b8ab.jpg?v=1731558340&width=1080
Vintage Carhartt J11 DST Blanket Lined Denim Workwear Jacket Made in USA Size XL TallBrand: CarharttBrand Size: XL TallDhs. 500.00,https://www.fashionrerun.com/collections/carhartt/products/vintage-carhartt-j11-dst-blanket-lined-denim-workwear-jacket-made-in-usa-size-xl-tall,https://www.fashionrerun.com/cdn/shop/files/8b7abe08bc4c3c0cfec606851d4b0d90.jpg?v=1731558176&width=1080
Mens Carhartt Relaxed Fit Double Knee Carpenter Pants BlackBrand: CarharttBrand Size: 31 X 32Dhs. 250.00,https://www.fashionrerun.com/collections/carhartt/products/mens-carhartt-relaxed-fit-double-knee-carpenter-pants-black,https://www.fashionrerun.com/cdn/shop/files/1082f1d39c20c92a44ed9f10478a553e.jpg?v=1731557790&width=1080
Vintage Carhartt B151 BLB Utility Work Pants NavyBrand: CarharttBrand Size: 32 / 30Dhs. 125.00,https://www.fashionrerun.com/collections/carhartt/products/vintage-carhartt-b151-blb-utility-work-pants-navy,https://www.fashionrerun.com/cdn/shop/files/caada0ebc220d1b8322ee2eceeff589e.jpg?v=1731554994&width=1080
Vintage Carhartt B15 OLVUtility Work PantsBrand: CarharttBrand Size: 32 / 30Dhs. 125.00,https://www.fashionrerun.com/collections/carhartt/products/vintage-carhartt-b15-olvutility-work-pants,https://www.fashionrerun.com/cdn/shop/files/5b429de4e88e841ad0b9f0f48636e269.jpg?v=1731554949&width=1080
Mens Carhartt B01 BRN Dungaree Fit Double Knee Carpenter Work PantsBrand: CarharttBrand Size:  36 X 32Dhs. 325.00,https://www.fashionrerun.com/collections/carhartt/products/mens-carhartt-b01-brn-dungaree-fit-double-knee-carpenter-work-pants-2,https://www.fashionrerun.com/cdn/shop/files/f9c4098cf19ded6c8a245ac47cb06534.jpg?v=1731554733&width=1080
Mens Carhartt Relaxed Fit Workwear T-Shirt GreenBrand: CarharttBrand Size: XLDhs. 60.00,https://www.fashionrerun.com/collections/carhartt/products/mens-carhartt-relaxed-fit-workwear-t-shirt-green,https://www.fashionrerun.com/cdn/shop/files/34d381de361516622838b8a068fea999.jpg?v=1731553934&width=1080
Ladies Carhartt Relaxed Fit Pullover HoodieBrand: CarharttBrand Size: L (12/14)Dhs. 100.00,https://www.fashionrerun.com/collections/carhartt/products/ladies-carhartt-relaxed-fit-pullover-hoodie-2,https://www.fashionrerun.com/cdn/shop/files/95966093cc609ed73e6800733a8e0f47.jpg?v=1731553872&width=1080
Mens Carhartt B144 PUT Original Fit Carpenter ShortsBrand: CarharttBrand Size: 36Dhs. 75.00,https://www.fashionrerun.com/collections/carhartt/products/mens-carhartt-b144-put-original-fit-carpenter-shorts,https://www.fashionrerun.com/cdn/shop/files/e01c19d7c03b109c27abdb0b9e3916d5.jpg?v=1731384730&width=1080
Ladies Carhartt Loose Fit Pocket Workwear T-ShirtBrand: CarharttBrand Size: M (8/10)Dhs. 60.00,https://www.fashionrerun.com/collections/carhartt/products/ladies-carhartt-loose-fit-pocket-workwear-t-shirt,https://www.fashionrerun.com/cdn/shop/files/17d3f242cc2e235f38d689674c0d9b48.jpg?v=1731384679&width=1080
Mens Carhartt Pocket Workwear T-Shirt GrayBrand: CarharttBrand Size: LDhs. 70.00,https://www.fashionrerun.com/collections/carhartt/products/mens-carhartt-pocket-workwear-t-shirt-gray,https://www.fashionrerun.com/cdn/shop/files/be4f29e5982b0a3e93489088b054c8f2.jpg?v=1731383768&width=1080
Mens Carhartt Original Fit Pullover HoodieBrand: CarharttBrand Size: XLDhs. 125.00,https://www.fashionrerun.com/collections/carhartt/products/mens-carhartt-original-fit-pullover-hoodie-1,https://www.fashionrerun.com/cdn/shop/files/e0cee1fc5c99ecaf36d615da3a988454.jpg?v=1731383715&width=1080
Ladies Carhartt Full Zip Purple HoodieBrand: CarharttBrand Size: L (12-14)Dhs. 100.00,https://www.fashionrerun.com/collections/carhartt/products/ladies-carhartt-full-zip-purple-hoodie,https://www.fashionrerun.com/cdn/shop/files/fcbf93c7ae76b83bf97ee749fe60e754.jpg?v=1731383637&width=1080
Vintage Carhartt J158 BLK Hooded Work Jacket Size XLBrand: CarharttBrand Size: XL RegularDhs. 450.00,https://www.fashionrerun.com/collections/carhartt/products/vintage-carhartt-j158-blk-hooded-work-jacket-size-xl,https://www.fashionrerun.com/cdn/shop/files/3ecaee69f4df86b5f334e9d2f18d7972.jpg?v=1731382771&width=1080
Mens Carhartt Loose Fit Pullover Hoodie GrayBrand: CarharttBrand Size: LDhs. 140.00,https://www.fashionrerun.com/collections/carhartt/products/mens-carhartt-loose-fit-pullover-hoodie-gray,https://www.fashionrerun.com/cdn/shop/files/c2ec37ee54dcc6f4e507faef2d382395.jpg?v=1731044275&width=1080
Ladies Carhartt Sherpa Fleece Lined Hooded JacketBrand: CarharttBrand Size: M (8/10)Dhs. 450.00,https://www.fashionrerun.com/collections/carhartt/products/ladies-carhartt-sherpa-fleece-lined-hooded-jacket,https://www.fashionrerun.com/cdn/shop/files/3a7000e496f311b36bdc7bfe49f4e0e4.jpg?v=1731043741&width=1080
Vintage Carhartt J130-211 Quilted Lined Hooded Jacket Brown Size LBrand: CarharttBrand Size: LDhs. 400.00,https://www.fashionrerun.com/collections/carhartt/products/vintage-carhartt-j130-211-quilted-lined-hooded-jacket-brown-size-l,https://www.fashionrerun.com/cdn/shop/files/18c406901150f5776c6d7ad0523de94d.jpg?v=1730180574&width=1080
Mens Carhartt CAT 2 Utility Work PantsBrand: CarharttBrand Size: 36 X 30Dhs. 125.00,https://www.fashionrerun.com/collections/carhartt/products/mens-carhartt-cat-2-utility-work-pants,https://www.fashionrerun.com/cdn/shop/files/ab7e9b60220242f85482d62defd7cc06.jpg?v=1730179226&width=1080
Mens Carhartt Pocket Workwear T-Shirt YellowBrand: CarharttBrand Size: LDhs. 75.00,https://www.fashionrerun.com/collections/carhartt/products/mens-carhartt-pocket-workwear-t-shirt-yellow,https://www.fashionrerun.com/cdn/shop/files/233687ea8625b671ff633c298ce46f0b.jpg?v=1730179117&width=1080
Mens Carhartt Relaxed Fit Cargo ShortsBrand: CarharttBrand Size: 34Dhs. 95.00,https://www.fashionrerun.com/collections/carhartt/products/mens-carhartt-relaxed-fit-cargo-shorts-2,https://www.fashionrerun.com/cdn/shop/files/d9aaac0191b1d2541888b6188d48e50e.jpg?v=1730179051&width=1080
Mens Carhartt Original Fit Pocket T-ShirtBrand: CarharttBrand Size: M (8//10)Dhs. 75.00,https://www.fashionrerun.com/collections/carhartt/products/mens-carhartt-original-fit-pocket-t-shirt-9,https://www.fashionrerun.com/cdn/shop/files/b2066f7f66823d188fe3c3ece5498a54.jpg?v=1730179001&width=1080
Mens Carhartt C02 DKB Carhartt Lined Workwear JacketBrand: CarharttBrand Size: Medium RegularDhs. 600.00,https://www.fashionrerun.com/collections/carhartt/products/mens-carhartt-c02-dkb-carhartt-lined-workwear-jacket,https://www.fashionrerun.com/cdn/shop/files/ef45598bf1c69a6fdde6e057248c27e8.jpg?v=1730178354&width=1080
N/A,N/A,N/A
N/A,N/A,N/A
N/A,N/A,N/A
N/A,N/A,N/A
